nom,prenom,adresse_rue,ville,code_postal
Tremblay,LAURENCE,"996, rue de la Concorde",Lévis,G6W7W9
Gagnon,MALIK,"959, rue Nolin",Lévis,G6W7W9
Roy,ISAAC,"1, place Chamberland",Lévis,G6W7W9
Côté,MATHEO,"133, rue Laval",Sherbrooke,J1H5H9
Bouchard,ELOI,"967, rue du Conseil",Sherbrooke,J1G1L9
Gauthier,DYLAN,"150, boulevard Queen-Victoria",Sherbrooke,J1H5H9
Morin,ANTHONY,"600, rue Thibault",Sherbrooke,J1H5H9
Lavoie,ELIOTT,"138, rue Principale",Métis-sur-Mer,G0J1S0
Fortin,LOUKA,"88, rue des Érables",Grenville-sur-la-Rouge,J0V1B0
Gagné,EVAN,"88, rue des Érables",Grenville-sur-la-Rouge,J0V1B0
Ouellet,HAYDEN,"300, chemin Saint-Charles",Longueuil,J4H1E6
Pelletier,AXEL,"156, boulevard Churchill",Longueuil,J4V2M3
Bélanger,ELIOT,"4250, chemin de la Savane",Longueuil,J3Y9G4
Lévesque,RYAN,"543, chemin de la Côte-Sainte-Cathe",Montréal,H2V4R2
Bergeron,PHILIPPE,"7701, boulevard Louis-H.-La Fontain",Montréal,H1K4B9
Leblanc,ALEXANDRE,"4555, rue de Verdun",Montréal,H4G1M4
Paquette,JORDAN,"8400, boulevard Lacordaire",Montréal,H1R3B1
Girard,MATTEO,"777, boulevard Marcel-Laurin",Montréal,H4M2M7
Simard,CALEB,"4243, rue de Charleroi",Montréal,H1H5R5
Boucher,NICOLAS,"55, avenue Dupras",Montréal,H8R4A8
Caron,JUSTIN,"800, boulevard De Maisonneuve E.",Montréal,H2L4L8
Beaulieu,DAMIEN,"815, avenue Bel-Air",Montréal,H4C2K4
Cloutier,LYAM,"201, avenue Laurier Est, Étage 5e",Montréal,H2T3E6
Dubé,DAVID,"6854, rue Sherbrooke E.",Montréal,H1N1E1
Poirier,RAFAEL,"555, rue Chabanel O., #600",Montréal,H2N2H8
Fournier,RAYAN,"5650, rue D'Iberville, 2e Ét.",Montréal,H2G2B3
Lapointe,ALBERT,"405, avenue Ogilvy, #200",Montréal,H3N1M3
Leclerc,MASON,"1800, boulevard Saint-Joseph Est",Montréal,H8S2N4
Lefebvre,MATHIAS,"13665, boulevard de Pierrefonds",Montréal,H9A2Z4
Poulin,MATEO,"350, montée de l'Église",Montréal,H9C1G9
Thibault,ALEX,"12090, rue Notre-Dame E.",Montréal,H1B2Z1
St-Pierre,MAXENCE,"5160, boulevard Décarie (Montréal),",Montréal,H3X2H9
Nadeau,TYLER,"399, rue Saint-Joseph E.",Québec,G1K8E2
Martin,JACK,"330, rue Chabot",Québec,G1M3J5
Landry,JULIEN,"1130, route de l'Église",Québec,G1V4X6
Martel,LEON,"160, 76e Rue E.",Québec,G1H7H5
Bédard,LOIK,"10, rue Hugues-Pommier",Québec,G1E4T9
Grenier,TOM,"3490, route de l'Aéroport",Québec,G3K1X5
Lessard,ENZO,"150, boulevard du Saguenay Est",Saguenay,G7H5B8
Bernier,HUGO,"2354, rue Saint-Dominique",Saguenay,G7X7W7
Richard,MAVERICK,"422, rue de Victoria",Saguenay,G7B3M4
Michaud,ELIAS,"996, rue de la Concorde",Lévis,G6W7W9
Hébert,ETIENNE,"959, rue Nolin",Lévis,G6W7W9
Desjardins,AYDEN,"1, place Chamberland",Lévis,G6W7W9
Couture,ZACKARY,"133, rue Laval",Sherbrooke,J1H5H9
Turcotte,SAM,"967, rue du Conseil",Sherbrooke,J1G1L9
Lachance,JOSHUA,"150, boulevard Queen-Victoria",Sherbrooke,J1H5H9
Parent,OLIVIA,"600, rue Thibault",Sherbrooke,J1H5H9
Blais,EMMA,"138, rue Principale",Métis-sur-Mer,G0J1S0
Gosselin,ALICE,"88, rue des Érables",Grenville-sur-la-Rouge,J0V1B0
Savard,CHARLIE,"88, rue des Érables",Grenville-sur-la-Rouge,J0V1B0
Proulx,CHARLOTTE,"300, chemin Saint-Charles",Longueuil,J4H1E6
Beaudoin,LEA,"156, boulevard Churchill",Longueuil,J4V2M3
Demers,FLORENCE,"4250, chemin de la Savane",Longueuil,J3Y9G4
Perreault,LIVIA,"543, chemin de la Côte-Sainte-Cathe",Montréal,H2V4R2
Boudreau,ROSALIE,"7701, boulevard Louis-H.-La Fontain",Montréal,H1K4B9
Lemieux,BEATRICE,"4555, rue de Verdun",Montréal,H4G1M4
Cyr,CLARA,"8400, boulevard Lacordaire",Montréal,H1R3B1
Perron,CHLOE,"777, boulevard Marcel-Laurin",Montréal,H4M2M7
Dufour,ROSE,"4243, rue de Charleroi",Montréal,H1H5R5
Dion,VICTORIA,"55, avenue Dupras",Montréal,H8R4A8
Mercier,ZOE,"800, boulevard De Maisonneuve E.",Montréal,H2L4L8
Bolduc,JULIETTE,"815, avenue Bel-Air",Montréal,H4C2K4
Bérubé,EVA,"201, avenue Laurier Est, Étage 5e",Montréal,H2T3E6
Boisvert,MIA,"6854, rue Sherbrooke E.",Montréal,H1N1E1
Langlois,ROMY,"555, rue Chabanel O., #600",Montréal,H2N2H8
Ménard,JADE,"5650, rue D'Iberville, 2e Ét.",Montréal,H2G2B3
Therrien,MILA,"405, avenue Ogilvy, #200",Montréal,H3N1M3
Bilodeau,SOFIA,"1800, boulevard Saint-Joseph Est",Montréal,H8S2N4
Plante,RAPHAELLE,"13665, boulevard de Pierrefonds",Montréal,H9A2Z4
Blanchette,FLAVIE,"350, montée de l'Église",Montréal,H9C1G9
Dubois,LEONIE,"12090, rue Notre-Dame E.",Montréal,H1B2Z1
Champagne,MAEVA,"5160, boulevard Décarie (Montréal),",Montréal,H3X2H9
Paradis,JULIA,"399, rue Saint-Joseph E.",Québec,G1K8E2
Fortier,ELIZABETH,"330, rue Chabot",Québec,G1M3J5
Arsenault,CAMILLE,"1130, route de l'Église",Québec,G1V4X6
Dupuis,AMELIA,"160, 76e Rue E.",Québec,G1H7H5
Gaudreault,SOPHIA,"10, rue Hugues-Pommier",Québec,G1E4T9
Hamel,SARAH,"3490, route de l'Aéroport",Québec,G3K1X5
Houle,JEANNE,"150, boulevard du Saguenay Est",Saguenay,G7H5B8
Villeneuve,ALICIA,"2354, rue Saint-Dominique",Saguenay,G7X7W7
Rousseau,ADELE,"422, rue de Victoria",Saguenay,G7B3M4
Gravel,LAURENCE,"996, rue de la Concorde",Lévis,G6W7W9
Thériault,LEXIE,"959, rue Nolin",Lévis,G6W7W9
Lemay,OPHELIE,"1, place Chamberland",Lévis,G6W7W9
Robert,JASMINE,"133, rue Laval",Sherbrooke,J1H5H9
Allard,ELENA,"967, rue du Conseil",Sherbrooke,J1G1L9
Deschênes,GABRIELLE,"150, boulevard Queen-Victoria",Sherbrooke,J1H5H9
Giroux,SIMONE,"600, rue Thibault",Sherbrooke,J1H5H9
Guay,LILY,"138, rue Principale",Métis-sur-Mer,G0J1S0
Leduc,MAELIE,"88, rue des Érables",Grenville-sur-la-Rouge,J0V1B0
Boivin,ANNABELLE,"88, rue des Érables",Grenville-sur-la-Rouge,J0V1B0
Charbonneau,ELODIE,"300, chemin Saint-Charles",Longueuil,J4H1E6
Lambert,ANNA,"156, boulevard Churchill",Longueuil,J4V2M3
Raymond,SOPHIE,"4250, chemin de la Savane",Longueuil,J3Y9G4
Vachon,ELEONORE,"543, chemin de la Côte-Sainte-Cathe",Montréal,H2V4R2
Gilbert,AURELIE,"7701, boulevard Louis-H.-La Fontain",Montréal,H1K4B9
Audet,MATHILDE,"4555, rue de Verdun",Montréal,H4G1M4
Jean,NATHANIEL,"8400, boulevard Lacordaire",Montréal,H1R3B1
Larouche,BRANDON,"777, boulevard Marcel-Laurin",Montréal,H4M2M7
Plamondon,AURELIE,"996, rue de la Concorde",Lévis,G6W7W9
Matte,ABBY,"959, rue Nolin",Lévis,G6W7W9
Cousineau,CORALIE,"1, place Chamberland",Lévis,G6W7W9
Charland,MAYA,"133, rue Laval",Sherbrooke,J1H5H9
Rancourt,NOEMIE,"967, rue du Conseil",Sherbrooke,J1G1L9
Bonneau,LAURA,"150, boulevard Queen-Victoria",Sherbrooke,J1H5H9
Royer,OCEANE,"600, rue Thibault",Sherbrooke,J1H5H9
Petit,MATHILDE,"138, rue Principale",Métis-sur-Mer,G0J1S0
Lalancette,ANAIS,"88, rue des Érables",Grenville-sur-la-Rouge,J0V1B0
Lanthier,LEANNE,"88, rue des Érables",Grenville-sur-la-Rouge,J0V1B0
Léger,EVELYNE,"300, chemin Saint-Charles",Longueuil,J4H1E6
Léonard,ELLIE,"156, boulevard Churchill",Longueuil,J4V2M3
St-Cyr,ELISABETH,"4250, chemin de la Savane",Longueuil,J3Y9G4
Charlebois,MELODIE,"543, chemin de la Côte-Sainte-Cathe",Montréal,H2V4R2
Paul,STELLA,"7701, boulevard Louis-H.-La Fontain",Montréal,H1K4B9
Bujold,ROMANE,"4555, rue de Verdun",Montréal,H4G1M4
Choquette,ARIELLE,"8400, boulevard Lacordaire",Montréal,H1R3B1
McDonald,LAURIE,"777, boulevard Marcel-Laurin",Montréal,H4M2M7
Bélair,LINA,"4243, rue de Charleroi",Montréal,H1H5R5
Imbeault,EMY,"55, avenue Dupras",Montréal,H8R4A8
Pigeon,EVE,"800, boulevard De Maisonneuve E.",Montréal,H2L4L8
Caouette,JUSTINE,"815, avenue Bel-Air",Montréal,H4C2K4
Garand,ELIANE,"201, avenue Laurier Est, Étage 5e",Montréal,H2T3E6
Brouillette,LYVIA,"6854, rue Sherbrooke E.",Montréal,H1N1E1
Gobeil,DELPHINE,"555, rue Chabanel O., #600",Montréal,H2N2H8
Pineault,AGATHE,"5650, rue D'Iberville, 2e Ét.",Montréal,H2G2B3
Chiasson,ELOISE,"405, avenue Ogilvy, #200",Montréal,H3N1M3
Chevalier,BILLIE,"1800, boulevard Saint-Joseph Est",Montréal,H8S2N4
Dugas,ABIGAELLE,"13665, boulevard de Pierrefonds",Montréal,H9A2Z4
Morel,ALEXIA,"350, montée de l'Église",Montréal,H9C1G9
Jones,MEGANE,"12090, rue Notre-Dame E.",Montréal,H1B2Z1
Tousignant,ESTELLE,"5160, boulevard Décarie (Montréal),",Montréal,H3X2H9
Bibeau,KAYLA,"399, rue Saint-Joseph E.",Québec,G1K8E2
Blackburn,NOELIE,"330, rue Chabot",Québec,G1M3J5
Girouard,YASMINE,"1130, route de l'Église",Québec,G1V4X6
Malo,MAELY,"160, 76e Rue E.",Québec,G1H7H5
Marois,LILY-ROSE,"10, rue Hugues-Pommier",Québec,G1E4T9
Pichette,MARIANNE,"3490, route de l'Aéroport",Québec,G3K1X5
Comtois,ALYSSA,"150, boulevard du Saguenay Est",Saguenay,G7H5B8
Morency,LEA-ROSE,"2354, rue Saint-Dominique",Saguenay,G7X7W7
Laforest,MARGOT,"422, rue de Victoria",Saguenay,G7B3M4
Sarrazin,MAGALIE,"996, rue de la Concorde",Lévis,G6W7W9
Isabelle,ABYGAELLE,"959, rue Nolin",Lévis,G6W7W9
Normandin,EMILIE,"1, place Chamberland",Lévis,G6W7W9
Guénette,MAIKA,"133, rue Laval",Sherbrooke,J1H5H9
Johnson,ARIA,"967, rue du Conseil",Sherbrooke,J1G1L9
Bordeleau,CLEMENCE,"150, boulevard Queen-Victoria",Sherbrooke,J1H5H9
Jodoin,ELLA,"600, rue Thibault",Sherbrooke,J1H5H9
Groulx,LEANE,"138, rue Principale",Métis-sur-Mer,G0J1S0
Brazeau,SARA,"88, rue des Érables",Grenville-sur-la-Rouge,J0V1B0
Simon,LOU,"88, rue des Érables",Grenville-sur-la-Rouge,J0V1B0
Belley,WILLIAM,"300, chemin Saint-Charles",Longueuil,J4H1E6
Lebeau,SAMUEL,"156, boulevard Churchill",Longueuil,J4V2M3
Larrivée,ALEXIS,"4250, chemin de la Savane",Longueuil,J3Y9G4
Major,THOMAS,"543, chemin de la Côte-Sainte-Cathe",Montréal,H2V4R2
Boissonneault,NATHAN,"7701, boulevard Louis-H.-La Fontain",Montréal,H1K4B9
Patenaude,GABRIEL,"4555, rue de Verdun",Montréal,H4G1M4
Alarie,ANTOINE,"8400, boulevard Lacordaire",Montréal,H1R3B1
Carpentier,JUSTIN,"777, boulevard Marcel-Laurin",Montréal,H4M2M7
Grenon,OLIVIER,"4243, rue de Charleroi",Montréal,H1H5R5
Bossé,FELIX,"55, avenue Dupras",Montréal,H8R4A8
Bessette,ZACHARY,"800, boulevard De Maisonneuve E.",Montréal,H2L4L8
Lajeunesse,XAVIER,"815, avenue Bel-Air",Montréal,H4C2K4
Barbeau,JEREMY,"201, avenue Laurier Est, Étage 5e",Montréal,H2T3E6
Miller,ALEXANDRE,"6854, rue Sherbrooke E.",Montréal,H1N1E1
Masson,MATHIS,"555, rue Chabanel O., #600",Montréal,H2N2H8
Cournoyer,JACOB,"5650, rue D'Iberville, 2e Ét.",Montréal,H2G2B3
Ratté,ANTHONY,"405, avenue Ogilvy, #200",Montréal,H3N1M3
Chrétien,RAPHAEL,"1800, boulevard Saint-Joseph Est",Montréal,H8S2N4
Bourgault,EMILE,"13665, boulevard de Pierrefonds",Montréal,H9A2Z4
Leboeuf,VINCENT,"350, montée de l'Église",Montréal,H9C1G9
Nolet,NICOLAS,"12090, rue Notre-Dame E.",Montréal,H1B2Z1
Sylvestre,BENJAMIN,"5160, boulevard Décarie (Montréal),",Montréal,H3X2H9
Rainville,MAXIME,"399, rue Saint-Joseph E.",Québec,G1K8E2
Sénécal,TRISTAN,"330, rue Chabot",Québec,G1M3J5
Chaput,NOAH,"1130, route de l'Église",Québec,G1V4X6
Méthot,ADAM,"160, 76e Rue E.",Québec,G1H7H5
Desaulniers,SIMON,"10, rue Hugues-Pommier",Québec,G1E4T9
Lemelin,ETIENNE,"3490, route de l'Aéroport",Québec,G3K1X5
Reid,CHARLES,"150, boulevard du Saguenay Est",Saguenay,G7H5B8
Lee,MATHIEU,"2354, rue Saint-Dominique",Saguenay,G7X7W7
Jacob,EDOUARD,"422, rue de Victoria",Saguenay,G7B3M4
Michel,DAVID,"996, rue de la Concorde",Lévis,G6W7W9
Désilets,LOIC,"959, rue Nolin",Lévis,G6W7W9
Falardeau,LUCAS,"1, place Chamberland",Lévis,G6W7W9
Bureau,ALEX,"133, rue Laval",Sherbrooke,J1H5H9
Gignac,GUILLAUME,"967, rue du Conseil",Sherbrooke,J1G1L9
Lortie,PHILIPPE,"150, boulevard Queen-Victoria",Sherbrooke,J1H5H9
Mélançon,HUGO,"600, rue Thibault",Sherbrooke,J1H5H9
Primeau,JULIEN,"138, rue Principale",Métis-sur-Mer,G0J1S0
Bourget,VICTOR,"88, rue des Érables",Grenville-sur-la-Rouge,J0V1B0
Robinson,TOMMY,"88, rue des Érables",Grenville-sur-la-Rouge,J0V1B0
Chénier,LOUIS,"300, chemin Saint-Charles",Longueuil,J4H1E6
Malenfant,DYLAN,"156, boulevard Churchill",Longueuil,J4V2M3
St-Amour,CEDRIC,"4250, chemin de la Savane",Longueuil,J3Y9G4
Langlais,MICHAEL,"543, chemin de la Côte-Sainte-Cathe",Montréal,H2V4R2
Williams,JONATHAN,"7701, boulevard Louis-H.-La Fontain",Montréal,H1K4B9
Lécuyer,ISAAC,"4555, rue de Verdun",Montréal,H4G1M4
Carbonneau,LIAM,"8400, boulevard Lacordaire",Montréal,H1R3B1
Charles,MATHIAS,"777, boulevard Marcel-Laurin",Montréal,H4M2M7
